epoch,train_loss,train_err,test_err
0,1.979135274887085,0.73302,0.7472
1,1.9093420505523682,0.70666,0.7222
2,1.6796109676361084,0.7014,0.7064
3,1.7969557046890259,0.70244,0.7223
4,1.9573787450790405,0.6973,0.7144
5,1.8246568441390991,0.6812,0.6985
6,1.762561559677124,0.67106,0.6893
7,1.7681620121002197,0.68448,0.7039
8,1.8552179336547852,0.66404,0.683
9,1.879610300064087,0.653,0.6734
10,1.6443612575531006,0.64512,0.6586
